{
  "PM2.5": 0.492825,
  "CO": 0.392549,
  "PM10": 0.035503,
  "NO": 0.035018,
  "O3": 0.009403,
  "NOx": 0.008896,
  "NO2": 0.006186,
  "SO2": 0.005111,
  "Toluene": 0.003694,
  "Xylene": 0.003229,
  "Benzene": 0.002145,
  "City_Encoded": 0.001817,
  "Month": 0.001639,
  "DayOfWeek": 0.001069,
  "NH3": 0.000917
}